id;user_id;first_name;last_name;gender;email;phone;address_line_1;address_line_2;city;country
1;17974;Wilson;Smith;FEMALE;Lawson_Greenfelder@gmail.com;1-316-642-9112 x8337;mission-critical Music;Implementation Consultant Kong;Baumbachfort;Mongolia
2;82375;Hyman;Ledner;MALE;Delmer_Goodwin@gmail.com;(891) 917-4928 x9402;copying Handcrafted Ergonomic;withdrawal;Wisozkburgh;Solomon Islands
3;32133;Demetris;Haag;OTHER;Rogers76@yahoo.com;342.270.0571 x7269;Dollar calculate Chair;Cheese Loan Lead;Torpview;Morocco
4;87756;Kelvin;Macejkovic;OTHER;Bernita_Predovic@yahoo.com;1-212-477-0815;Berkshire;Georgia;Lake Cleora;Saint Barthelemy
5;46210;Mack;Bartoletti;OTHER;Frida_Shields53@gmail.com;(269) 941-3915 x820;technologies;Sausages;South Tiannaview;Solomon Islands
6;83337;Danielle;Wolff;FEMALE;Chelsea_Gottlieb@yahoo.com;718-624-2829;intuitive black Small;upward-trending Concrete wireless;Amarillo;Nepal
7;90574;Daphnee;Lehner;MALE;Verna_McClure@hotmail.com;(599) 866-1875 x4964;Chief system-worthy;Global scale Jewelery;Lake Antwon;Heard Island and McDonald Islands
8;12425;Tierra;Witting;MALE;Pearlie_Smitham@yahoo.com;1-787-359-9024 x7087;Games portal Oregon;bandwidth Bike;Averyborough;Norway
9;76041;Rhett;Morar;FEMALE;Doug52@gmail.com;1-995-511-6184 x4108;Account;calculate Wall;Kendrickmouth;Dominica
10;43355;Elijah;Lowe;OTHER;Ivy_Will@hotmail.com;(673) 259-2408 x233;Developer Cambridgeshire Global;Savings uniform;Sterling Heights;Turks and Caicos Islands
